"Source:","/Users/adrian/git/SolarSystem/KiCad/Access.kicad_sch"
"Date:","Sunday, 07 August 2022 at 09:40:34"
"Tool:","Eeschema (6.0.5-0)"
"Generator:","/Applications/KiCad/KiCad.app/Contents/SharedSupport/plugins/bom_csv_grouped_by_value.py"
"Component Count:","66"

"Individual Components:"

"Item","Qty","Reference(s)","Value","LibPart","Footprint","Datasheet","Manufacturer","Note","Part No"
"","","AJK1","AJK","RevK:AJK","RevK:AJK","","","Non part, PCB printed",""
"","","C1","0.1uF","Device:C","RevK:C_0603","~","","",""
"","","C2","33pF","Device:C","RevK:C_0603","~","","",""
"","","C3","33pF","Device:C","RevK:C_0603","~","","",""
"","","C4","33pF","Device:C","RevK:C_0603","~","","",""
"","","C5","33pF","Device:C","RevK:C_0603","~","","",""
"","","C6","33pF","Device:C","RevK:C_0603","~","","",""
"","","C7","33pF","Device:C","RevK:C_0603","~","","",""
"","","C8","33pF","Device:C","RevK:C_0603","~","","",""
"","","C9","0.1uF",":Hidden_3","RevK:Hidden","","","X7R or X5R 0603",""
"","","C10","2.2uF",":Hidden_4","RevK:Hidden","","","0603 or 0805",""
"","","C11","10uF",":Hidden_1","RevK:Hidden","","","0603 or 0805",""
"","","C12","0.1uF",":Hidden_7","RevK:Hidden","","","X7R or X5R 0603",""
"","","C13","2.2uF",":Hidden_8","RevK:Hidden","","","0603 or 0805",""
"","","C14","10uF",":Hidden_6","RevK:Hidden","","","0603 or 0805",""
"","","D1","BAV99S","Diode:BAV99S","Package_TO_SOT_SMD:SOT-363_SC-70-6","https://assets.nexperia.com/documents/data-sheet/BAV99_SER.pdf","","",""
"","","D2","BAV99S","Diode:BAV99S","Package_TO_SOT_SMD:SOT-363_SC-70-6","https://assets.nexperia.com/documents/data-sheet/BAV99_SER.pdf","","",""
"","","D3","BAV99S","Diode:BAV99S","Package_TO_SOT_SMD:SOT-363_SC-70-6","https://assets.nexperia.com/documents/data-sheet/BAV99_SER.pdf","","",""
"","","D4","BAV99S","Diode:BAV99S","Package_TO_SOT_SMD:SOT-363_SC-70-6","https://assets.nexperia.com/documents/data-sheet/BAV99_SER.pdf","","",""
"","","D5","RGB","Device:LED_ARGB","RevK:LED-RGB-1.6x1.6","~","Kingbright","","APTF1616LSEEZGKQBKC"
"","","D6","Schottky",":Hidden_5","RevK:Hidden","https://www.mouser.co.uk/datasheet/2/54/CD1206-B220_B2100-777245.pdf","Bourns","","CD1206-B2100"
"","","D7","Schottky",":Hidden_10","RevK:Hidden","https://www.mouser.co.uk/datasheet/2/54/CD1206-B220_B2100-777245.pdf","Bourns","","CD1206-B2100"
"","","D8","D","Device:D","Diode_SMD:D_1206_3216Metric_Pad1.42x1.75mm_HandSolder","~","","",""
"","","H1","MountingHole","Mechanical:MountingHole_Pad","RevK:ISO7380-M3-Pad","~","","",""
"","","J1","USB-C","Connector:USB_C_Receptacle_USB2.0","RevK:USC16-TR-Round","https://www.usb.org/sites/default/files/documents/usb_type-c.zip","","",""
"","","J2","RFID","Connector_Generic:Conn_01x04","RevK:Molex_MiniSPOX_H4RA","~","","",""
"","","J3","INPUTS","Connector_Generic:Conn_01x06","RevK:Molex_MiniSPOX_H6RA","~","","",""
"","","J4","ExtTamper","Connector_Generic:Conn_01x02","Connector_PinHeader_2.54mm:PinHeader_1x02_P2.54mm_Vertical","~","","",""
"","","J5","POWER","RevK:PowerIn","RevK:Molex_MiniSPOX_H2RA","","","",""
"","","J6","DOOR","Connector_Generic:Conn_01x03","RevK:Molex_MiniSPOX_H3RA","~","","",""
"","","JP1","12V","Jumper:Jumper_2_Open","Connector_PinHeader_1.27mm:PinHeader_1x02_P1.27mm_Vertical","~","","",""
"","","L1","6.8uH",":Hidden_2","RevK:Hidden","https://www.mouser.co.uk/datasheet/2/987/Laird_Performance_TYA4020_series__Rev_A_-1877538.pdf","Laird","","TYA4020"
"","","L2","6.8uH",":Hidden_9","RevK:Hidden","https://www.mouser.co.uk/datasheet/2/987/Laird_Performance_TYA4020_series__Rev_A_-1877538.pdf","Laird","","TYA4020"
"","","Q1","NX7002AK","Device:Q_NMOS_GSD","Package_TO_SOT_SMD:SOT-23","~","Nexperia","","NX7002AK"
"","","R1","10k","Device:R","RevK:R_0603","~","","",""
"","","R2","4k7","Device:R","RevK:R_0603","~","","",""
"","","R3","10k","Device:R","RevK:R_0603","~","","",""
"","","R4","100R","Device:R","RevK:R_0603","~","","",""
"","","R5","100R","Device:R","RevK:R_0603","~","","",""
"","","R6","100R","Device:R","RevK:R_0603","~","","",""
"","","R7","100R","Device:R","RevK:R_0603","~","","",""
"","","R8","100R","Device:R","RevK:R_0603","~","","",""
"","","R9","100R","Device:R","RevK:R_0603","~","","",""
"","","R10","100R","Device:R","RevK:R_0603","~","","",""
"","","R11","100R","Device:R","RevK:R_0603","~","","",""
"","","R12","5K1","Device:R","RevK:R_0603","~","","",""
"","","R13","5K1","Device:R","RevK:R_0603","~","","",""
"","","R14","27R","Device:R","RevK:R_0603","~","","",""
"","","R15","27R","Device:R","RevK:R_0603","~","","",""
"","","R16","1K","Device:R","Resistor_SMD:R_0603_1608Metric_Pad0.98x0.95mm_HandSolder","~","","",""
"","","R17","732R","Device:R","RevK:R_0603","~","","",""
"","","R18","2K","Device:R","RevK:R_0603","~","","",""
"","","R19","324R","Device:R","RevK:R_0603","~","","",""
"","","R20","100K","Device:R","RevK:R_0603","~","","",""
"","","R21","100k 1% or 0R","Device:R","RevK:R_0603","~","","",""
"","","R22","100k 1% or 0R","Device:R","RevK:R_0603","~","","",""
"","","R23","30k 1% or NF","Device:R","RevK:R_0603","~","","",""
"","","R24","18k 1% or NF","Device:R","RevK:R_0603","~","","",""
"","","SW1","ESE13V01D","Switch:SW_Push","RevK:ESE13","https://docs.rs-online.com/73f9/0900766b810acfc9.pdf","","",""
"","","U1","ESP32-WROOM-32","RevK:ESP32-WROOM-32","RevK:ESP32-WROOM-32","https://www.espressif.com/sites/default/files/documentation/esp32-wroom-32_datasheet_en.pdf","","",""
"","","U2","FT231XQ","Interface_USB:FT231XQ","RevK:QFN-20-1EP_4x4mm_P0.5mm_EP2.5x2.5mm","https://www.ftdichip.com/Support/Documents/DataSheets/ICs/DS_FT231X.pdf","","",""
"","","U3","G3VM-41GR8","RevK:G3VM-41GR8","RevK:Special-SOP-4-3.7x4.55","https://toshiba.semicon-storage.com/info/docget.jsp?did=1284&prodName=TLP3542","","",""
"","","U4","LMR16006+FB","RevK:LMR16006+FB","RevK:RegulatorBlockFB","","TI","","LMR16006YQ3"
"","","U5","LMR16006+FB","RevK:LMR16006+FB","RevK:RegulatorBlockFB","","TI","","LMR16006YQ3"
"","","U6","AA","RevK:AA","RevK:AA","","","Non part, PCB printed",""
"","","U7","QR","RevK:QR","RevK:QR-SS","","","Non part, PCB printed",""



"Collated Components:"

"Item","Qty","Reference(s)","Value","LibPart","Footprint","Datasheet","Manufacturer","Note","Part No"
"1","1","AJK1","AJK","RevK:AJK","RevK:AJK","","","Non part, PCB printed",""
"2","1","C1","0.1uF","Device:C","RevK:C_0603","~","","",""
"3","7","C2, C3, C4, C5, C6, C7, C8","33pF","Device:C","RevK:C_0603","~","","",""
"4","1","C9","0.1uF",":Hidden_3","RevK:Hidden","","","X7R or X5R 0603",""
"5","1","C10","2.2uF",":Hidden_4","RevK:Hidden","","","0603 or 0805",""
"6","1","C11","10uF",":Hidden_1","RevK:Hidden","","","0603 or 0805",""
"7","1","C12","0.1uF",":Hidden_7","RevK:Hidden","","","X7R or X5R 0603",""
"8","1","C13","2.2uF",":Hidden_8","RevK:Hidden","","","0603 or 0805",""
"9","1","C14","10uF",":Hidden_6","RevK:Hidden","","","0603 or 0805",""
"10","4","D1, D2, D3, D4","BAV99S","Diode:BAV99S","Package_TO_SOT_SMD:SOT-363_SC-70-6","https://assets.nexperia.com/documents/data-sheet/BAV99_SER.pdf","","",""
"11","1","D5","RGB","Device:LED_ARGB","RevK:LED-RGB-1.6x1.6","~","Kingbright","","APTF1616LSEEZGKQBKC"
"12","1","D6","Schottky",":Hidden_5","RevK:Hidden","https://www.mouser.co.uk/datasheet/2/54/CD1206-B220_B2100-777245.pdf","Bourns","","CD1206-B2100"
"13","1","D7","Schottky",":Hidden_10","RevK:Hidden","https://www.mouser.co.uk/datasheet/2/54/CD1206-B220_B2100-777245.pdf","Bourns","","CD1206-B2100"
"14","1","D8","D","Device:D","Diode_SMD:D_1206_3216Metric_Pad1.42x1.75mm_HandSolder","~","","",""
"15","1","H1","MountingHole","Mechanical:MountingHole_Pad","RevK:ISO7380-M3-Pad","~","","",""
"16","1","J1","USB-C","Connector:USB_C_Receptacle_USB2.0","RevK:USC16-TR-Round","https://www.usb.org/sites/default/files/documents/usb_type-c.zip","","",""
"17","1","J2","RFID","Connector_Generic:Conn_01x04","RevK:Molex_MiniSPOX_H4RA","~","","",""
"18","1","J3","INPUTS","Connector_Generic:Conn_01x06","RevK:Molex_MiniSPOX_H6RA","~","","",""
"19","1","J4","ExtTamper","Connector_Generic:Conn_01x02","Connector_PinHeader_2.54mm:PinHeader_1x02_P2.54mm_Vertical","~","","",""
"20","1","J5","POWER","RevK:PowerIn","RevK:Molex_MiniSPOX_H2RA","","","",""
"21","1","J6","DOOR","Connector_Generic:Conn_01x03","RevK:Molex_MiniSPOX_H3RA","~","","",""
"22","1","JP1","12V","Jumper:Jumper_2_Open","Connector_PinHeader_1.27mm:PinHeader_1x02_P1.27mm_Vertical","~","","",""
"23","1","L1","6.8uH",":Hidden_2","RevK:Hidden","https://www.mouser.co.uk/datasheet/2/987/Laird_Performance_TYA4020_series__Rev_A_-1877538.pdf","Laird","","TYA4020"
"24","1","L2","6.8uH",":Hidden_9","RevK:Hidden","https://www.mouser.co.uk/datasheet/2/987/Laird_Performance_TYA4020_series__Rev_A_-1877538.pdf","Laird","","TYA4020"
"25","1","Q1","NX7002AK","Device:Q_NMOS_GSD","Package_TO_SOT_SMD:SOT-23","~","Nexperia","","NX7002AK"
"26","2","R1, R3","10k","Device:R","RevK:R_0603","~","","",""
"27","1","R2","4k7","Device:R","RevK:R_0603","~","","",""
"28","8","R4, R5, R6, R7, R8, R9, R10, R11","100R","Device:R","RevK:R_0603","~","","",""
"29","2","R12, R13","5K1","Device:R","RevK:R_0603","~","","",""
"30","2","R14, R15","27R","Device:R","RevK:R_0603","~","","",""
"31","1","R16","1K","Device:R","Resistor_SMD:R_0603_1608Metric_Pad0.98x0.95mm_HandSolder","~","","",""
"32","1","R17","732R","Device:R","RevK:R_0603","~","","",""
"33","1","R18","2K","Device:R","RevK:R_0603","~","","",""
"34","1","R19","324R","Device:R","RevK:R_0603","~","","",""
"35","1","R20","100K","Device:R","RevK:R_0603","~","","",""
"36","2","R21, R22","100k 1% or 0R","Device:R","RevK:R_0603","~","","",""
"37","1","R23","30k 1% or NF","Device:R","RevK:R_0603","~","","",""
"38","1","R24","18k 1% or NF","Device:R","RevK:R_0603","~","","",""
"39","1","SW1","ESE13V01D","Switch:SW_Push","RevK:ESE13","https://docs.rs-online.com/73f9/0900766b810acfc9.pdf","","",""
"40","1","U1","ESP32-WROOM-32","RevK:ESP32-WROOM-32","RevK:ESP32-WROOM-32","https://www.espressif.com/sites/default/files/documentation/esp32-wroom-32_datasheet_en.pdf","","",""
"41","1","U2","FT231XQ","Interface_USB:FT231XQ","RevK:QFN-20-1EP_4x4mm_P0.5mm_EP2.5x2.5mm","https://www.ftdichip.com/Support/Documents/DataSheets/ICs/DS_FT231X.pdf","","",""
"42","1","U3","G3VM-41GR8","RevK:G3VM-41GR8","RevK:Special-SOP-4-3.7x4.55","https://toshiba.semicon-storage.com/info/docget.jsp?did=1284&prodName=TLP3542","","",""
"43","2","U4, U5","LMR16006+FB","RevK:LMR16006+FB","RevK:RegulatorBlockFB","","TI","","LMR16006YQ3"
"44","1","U6","AA","RevK:AA","RevK:AA","","","Non part, PCB printed",""
"45","1","U7","QR","RevK:QR","RevK:QR-SS","","","Non part, PCB printed",""
